{
  "f8e6b000-5643-4b86-9080-aa680ce1f599": {
    "asset": 1543305034000,
    "meta": 1543305034000,
    "relativePath": "image"
  },
  "71561142-4c83-4933-afca-cb7a17f67053": {
    "asset": 1543305034000,
    "meta": 1545058570501,
    "relativePath": "image/default_btn_disabled.png"
  },
  "e851e89b-faa2-4484-bea6-5c01dd9f06e2": {
    "asset": 1543305034000,
    "meta": 1545058570502,
    "relativePath": "image/default_btn_normal.png"
  },
  "b43ff3c2-02bb-4874-81f7-f2dea6970f18": {
    "asset": 1543305034000,
    "meta": 1545058570674,
    "relativePath": "image/default_btn_pressed.png"
  },
  "edd215b9-2796-4a05-aaf5-81f96c9281ce": {
    "asset": 1543305034000,
    "meta": 1545058570675,
    "relativePath": "image/default_editbox_bg.png"
  },
  "d81ec8ad-247c-4e62-aa3c-d35c4193c7af": {
    "asset": 1543305034000,
    "meta": 1545058570808,
    "relativePath": "image/default_panel.png"
  },
  "99170b0b-d210-46f1-b213-7d9e3f23098a": {
    "asset": 1543305034000,
    "meta": 1545058570817,
    "relativePath": "image/default_progressbar_bg.png"
  },
  "567dcd80-8bf4-4535-8a5a-313f1caf078a": {
    "asset": 1543305034000,
    "meta": 1545058570968,
    "relativePath": "image/default_radio_button_off.png"
  },
  "cfef78f1-c8df-49b7-8ed0-4c953ace2621": {
    "asset": 1543305034000,
    "meta": 1545058570968,
    "relativePath": "image/default_progressbar.png"
  },
  "4bab67cb-18e6-4099-b840-355f0473f890": {
    "asset": 1543305034000,
    "meta": 1545058571026,
    "relativePath": "image/default_scrollbar_bg.png"
  },
  "9d60001f-b5f4-4726-a629-2659e3ded0b8": {
    "asset": 1543305034000,
    "meta": 1545058571027,
    "relativePath": "image/default_radio_button_on.png"
  },
  "d6d3ca85-4681-47c1-b5dd-d036a9d39ea2": {
    "asset": 1543305034000,
    "meta": 1545058571062,
    "relativePath": "image/default_scrollbar_vertical.png"
  },
  "617323dd-11f4-4dd3-8eec-0caf6b3b45b9": {
    "asset": 1543305034000,
    "meta": 1545058571053,
    "relativePath": "image/default_scrollbar_vertical_bg.png"
  },
  "0291c134-b3da-4098-b7b5-e397edbe947f": {
    "asset": 1543305034000,
    "meta": 1545058571080,
    "relativePath": "image/default_scrollbar.png"
  },
  "0275e94c-56a7-410f-bd1a-fc7483f7d14a": {
    "asset": 1543305034000,
    "meta": 1545058571079,
    "relativePath": "image/default_sprite_splash.png"
  },
  "73a0903d-d80e-4e3c-aa67-f999543c08f5": {
    "asset": 1543305034000,
    "meta": 1545058571089,
    "relativePath": "image/default_toggle_checkmark.png"
  },
  "6e056173-d285-473c-b206-40a7fff5386e": {
    "asset": 1543305034000,
    "meta": 1545058571089,
    "relativePath": "image/default_sprite.png"
  },
  "c25b9d50-c8fc-4d27-beeb-6e7c1f2e5c0f": {
    "asset": 1543305034000,
    "meta": 1545058571099,
    "relativePath": "image/default_toggle_disabled.png"
  },
  "d29077ba-1627-4a72-9579-7b56a235340c": {
    "asset": 1543305034000,
    "meta": 1545058571100,
    "relativePath": "image/default_toggle_normal.png"
  },
  "fc09f9bd-2cce-4605-b630-8145ef809ed6": {
    "asset": 1543305034000,
    "meta": 1543305034000,
    "relativePath": "misc"
  },
  "b181c1e4-0a72-4a91-bfb0-ae6f36ca60bd": {
    "asset": 1543305034000,
    "meta": 1545058571107,
    "relativePath": "image/default_toggle_pressed.png"
  },
  "f6e6dd15-71d1-4ffe-ace7-24fd39942c05": {
    "asset": 1543305034000,
    "meta": 1543305034000,
    "relativePath": "obsolete"
  },
  "8a96b965-2dc0-4e03-aa90-3b79cb93b5b4": {
    "asset": 1543305034000,
    "meta": 1545058571115,
    "relativePath": "obsolete/atom.png"
  },
  "f743d2b6-b7ea-4c14-a55b-547ed4d0a045": {
    "asset": 1543305034000,
    "meta": 1543305034000,
    "relativePath": "particle"
  },
  "b8223619-7e38-47c4-841f-9160c232495a": {
    "asset": 1543305034000,
    "meta": 1545058571160,
    "relativePath": "obsolete/atom.plist"
  },
  "d0a82d39-bede-46c4-b698-c81ff0dedfff": {
    "asset": 1543305034000,
    "meta": 1545058571116,
    "relativePath": "particle/atom.png"
  },
  "b2687ac4-099e-403c-a192-ff477686f4f5": {
    "asset": 1543305034000,
    "meta": 1545058571160,
    "relativePath": "particle/atom.plist"
  },
  "ae6c6c98-11e4-452f-8758-75f5c6a56e83": {
    "asset": 1543305034000,
    "meta": 1543305034000,
    "relativePath": "prefab"
  },
  "972b9a4d-47ee-4c74-b5c3-61d8a69bc29f": {
    "asset": 1543305034000,
    "meta": 1545058571118,
    "relativePath": "prefab/button.prefab"
  },
  "2c937608-2562-40ea-b264-7395df6f0cea": {
    "asset": 1543305034000,
    "meta": 1545058571118,
    "relativePath": "prefab/canvas.prefab"
  },
  "61aeb05b-3b32-452b-8eed-2b76deeed554": {
    "asset": 1543305034000,
    "meta": 1545058571120,
    "relativePath": "prefab/editbox.prefab"
  },
  "27756ebb-3d33-44b0-9b96-e858fadd4dd4": {
    "asset": 1543305034000,
    "meta": 1545058571121,
    "relativePath": "prefab/label.prefab"
  },
  "785a442c-3ceb-45be-a46e-7317f625f3b9": {
    "asset": 1543305034000,
    "meta": 1545058571122,
    "relativePath": "prefab/layout.prefab"
  },
  "ca8401fe-ad6e-41a8-bd46-8e3e4e9945be": {
    "asset": 1543305034000,
    "meta": 1545058571123,
    "relativePath": "prefab/pageview.prefab"
  },
  "cd33edea-55f5-46c2-958d-357a01384a36": {
    "asset": 1543305034000,
    "meta": 1545058571123,
    "relativePath": "prefab/particlesystem.prefab"
  },
  "5965ffac-69da-4b55-bcde-9225d0613c28": {
    "asset": 1543305034000,
    "meta": 1545058571124,
    "relativePath": "prefab/progressBar.prefab"
  },
  "4a37dd57-78cd-4cec-aad4-f11a73d12b63": {
    "asset": 1543305034000,
    "meta": 1545058571125,
    "relativePath": "prefab/richtext.prefab"
  },
  "32044bd2-481f-4cf1-a656-e2b2fb1594eb": {
    "asset": 1543305034000,
    "meta": 1545058571132,
    "relativePath": "prefab/scrollview.prefab"
  },
  "0004d1cf-a0ad-47d8-ab17-34d3db9d35a3": {
    "asset": 1543305034000,
    "meta": 1545058571133,
    "relativePath": "prefab/slider.prefab"
  },
  "1f55e3be-b89b-4b79-88de-47fd31018044": {
    "asset": 1543305034000,
    "meta": 1545058571134,
    "relativePath": "prefab/sprite_splash.prefab"
  },
  "96083d03-c332-4a3f-9386-d03e2d19e8ee": {
    "asset": 1543305034000,
    "meta": 1545058571135,
    "relativePath": "prefab/sprite.prefab"
  },
  "7de03a80-4457-438d-95a7-3e7cdffd6086": {
    "asset": 1543305034000,
    "meta": 1545058571136,
    "relativePath": "prefab/tiledmap.prefab"
  },
  "0e42ba95-1fa1-46aa-b2cf-143cd1bcee2c": {
    "asset": 1543305034000,
    "meta": 1545058571137,
    "relativePath": "prefab/tiledtile.prefab"
  },
  "0d784963-d024-4ea6-a7db-03be0ad63010": {
    "asset": 1543305034000,
    "meta": 1545058571138,
    "relativePath": "prefab/toggle.prefab"
  },
  "bf0a434c-84dd-4a8e-a08a-7a36f180cc75": {
    "asset": 1543305034000,
    "meta": 1545058571139,
    "relativePath": "prefab/toggleContainer.prefab"
  },
  "d1b8be49-b0a0-435c-83b7-552bed4bbe35": {
    "asset": 1543305034000,
    "meta": 1545058571140,
    "relativePath": "prefab/toggleGroup.prefab"
  },
  "2be36297-9abb-4fee-8049-9ed5e271da8a": {
    "asset": 1543305034000,
    "meta": 1545058571104,
    "relativePath": "misc/default_video.mp4"
  },
  "232d2782-c4bd-4bb4-9e01-909f03d6d3b9": {
    "asset": 1543305034000,
    "meta": 1545058571141,
    "relativePath": "prefab/videoplayer.prefab"
  },
  "8c5001fd-07ee-4a4b-a8a0-63e15195e94d": {
    "asset": 1543305034000,
    "meta": 1545058571142,
    "relativePath": "prefab/webview.prefab"
  },
  "2e17d887-1db7-4be7-9a7f-83fd80f55ebf": {
    "asset": 1545057207000,
    "meta": 1545057183000,
    "relativePath": "resources"
  },
  "53ea3a51-9349-49c8-bba7-899914f1fc85": {
    "asset": 1545057413000,
    "meta": 1545057203000,
    "relativePath": "resources/prefabs"
  },
  "29f52784-2fca-467b-92e7-8fd9ef8c57b7": {
    "asset": 1545058092000,
    "meta": 1544017605000,
    "relativePath": "Scene"
  },
  "3309a2ec-a3e6-414d-9d0a-0a28536de33b": {
    "asset": 1545058288000,
    "meta": 1545058571000,
    "relativePath": "resources/prefabs/itemRenderer.prefab"
  },
  "4734c20c-0db8-4eb2-92ea-e692f4d70934": {
    "asset": 1545058320000,
    "meta": 1544017605000,
    "relativePath": "Script"
  },
  "2d2f792f-a40c-49bb-a189-ed176a246e49": {
    "asset": 1545058619000,
    "meta": 1545058619000,
    "relativePath": "Scene/test.fire"
  },
  "66c4613e-333b-4bfd-8e0f-2f10878fd446": {
    "asset": 1545056951000,
    "meta": 1545058571000,
    "relativePath": "Script/cocos_list_ctrl.js"
  },
  "2c0f66c1-f6c8-4e9a-b07c-e93175824f23": {
    "asset": 1545058038000,
    "meta": 1545058571000,
    "relativePath": "Script/list_item.js"
  },
  "7b81d4e8-ec84-4716-968d-500ac1d78a54": {
    "asset": 1545058075000,
    "meta": 1544017605000,
    "relativePath": "Texture"
  },
  "280c3aec-6492-4a9d-9f51-a9b00b570b4a": {
    "asset": 1545058198000,
    "meta": 1545058571000,
    "relativePath": "Script/test.js"
  },
  "6aa0aa6a-ebee-4155-a088-a687a6aadec4": {
    "asset": 1544017605000,
    "meta": 1545058571000,
    "relativePath": "Texture/HelloWorld.png"
  }
}